model_name,trainable_params,total_params,trainable_percentage,total_flops,inference_time_ms,inference_std_ms,peak_memory_mb,throughput_fps
Baseline,85806346,85806346,100.0,16.866652416,4.619775153696537,0.01002770772762822,452.77734375,216.460751168776
LoRA-4,57679114,86027530,67.04727428533633,16.910225664000002,6.660280451178551,0.038081049834432515,781.26318359375,150.14382762561416
LoRA-8,57900298,86248714,67.13178123444253,16.953798912,6.438601016998291,0.057647120418197605,782.17724609375,155.31324232701178
LoRA-16,58342666,86691082,67.29950146429134,17.040945408000002,6.655608303844929,0.05314087666607328,784.00537109375,150.24922656916308
LoRA-32,59227402,87575818,67.62985873566149,17.2152384,6.62393182516098,0.04019016149603335,787.67333984375,150.96773734921362
LoRA-64,60996874,89345290,68.27094522833828,17.563824384,6.586403176188469,0.02991674363760998,794.99755859375,151.82793601449356
