model_name,trainable_params,total_params,trainable_percentage,training_time_ms,training_std_ms,peak_memory_mb,throughput_samples_per_sec,avg_loss,batches_tested
Baseline,85806346,85806346,100.0,271.6375231742859,0.5254961574188641,4719.78466796875,117.8040486677108,2.452010726928711,20
LoRA-4,57679114,86027530,67.04727428533633,269.3750500679016,0.2575063731823445,4518.52294921875,118.79348140049989,2.3722281217575074,20
LoRA-8,57900298,86248714,67.13178123444253,269.4533348083496,0.21485262722571305,4523.93701171875,118.75896812618855,2.3425543904304504,20
LoRA-16,58342666,86691082,67.29950146429134,269.8163628578186,0.2480841869760202,4534.76513671875,118.59918227740174,2.3651114463806153,20
LoRA-32,59227402,87575818,67.62985873566149,270.2653765678406,0.1882338504839819,4556.43310546875,118.40214387197885,2.374084842205048,20
LoRA-64,60996874,89345290,68.27094522833828,273.56815338134766,0.4848784006507943,4609.76904296875,116.9726797672708,2.371207082271576,20
